year,t_years_post,Cs-137_PBq,Sr-90_PBq,Cs-134_PBq,Pu-238_PBq,Pu-239_PBq,Pu-240_PBq,Pu-241_PBq,Am-241_PBq,Kr-85_PBq,Ru-106_PBq,Ba-140_PBq,I-131_PBq,Ce-144_PBq,Zr-95_PBq,Ru-103_PBq,Sb-125_PBq,Am241_total_PBq,Cs137_plus_Sr90_PBq,notes
1986,0,85.0,10.0,54.0,0.035,0.03,0.042,2.6,0.007,33.0,73.0,240.0,1760.0,116.0,196.0,168.0,10.0,0.007,95.0,Accident_year; all_short-lived_isotopes_present
1987,1,83.06941142,9.76203378,38.60259694,0.03472459,0.02999914,0.04199556,2.47689484,0.00698878,30.94120153,36.99946236,6e-07,0.0,47.75471455,3.73322932,0.27415395,7.77913236,0.01105577,92.831445,
1988,2,81.18267193,9.52973034,27.59556463,0.03445134,0.02999828,0.04199113,2.35961848,0.00697758,29.01084703,18.75287966,0.0,0.0,19.65959277,0.07110715,0.00044738,6.05149003,0.01491247,90.712402,
1989,3,79.33878559,9.30295495,19.72704553,0.03418025,0.02999741,0.04198669,2.24789493,0.0069664,27.20092316,9.5047461,0.0,0.0,8.09343311,0.00135438,7.3e-07,4.70753419,0.01857955,88.641741,
1990,4,77.53677909,9.08157604,14.1021331,0.03391129,0.02999655,0.04198226,2.14146129,0.00695524,25.50391653,4.81740405,0.0,0.0,3.331893,2.58e-05,0.0,3.66205316,0.02206599,86.618355,Cs-134 at 12% original; I-131/short-lived fully decayed
1991,5,75.77570121,8.8654652,10.08109185,0.03364445,0.02999569,0.04197782,2.04006708,0.00694409,23.91278245,2.44166246,0.0,0.0,1.37166896,4.9e-07,0.0,2.84875962,0.02538036,84.641166,
1992,6,74.05462235,8.65449708,7.20659862,0.0333797,0.02999483,0.04197339,1.9434737,0.00693296,22.42091579,1.23753696,0.0,0.0,0.56468672,1e-08,0.0,2.21608782,0.02853082,82.709119,
1993,7,72.37263402,8.44854928,5.15173003,0.03311704,0.02999396,0.04196895,1.85145384,0.00692185,21.02212345,0.62723565,0.0,0.0,0.23246942,0.0,0.0,1.72392404,0.03152513,80.821183,
1994,8,70.72884837,8.24750234,3.6827807,0.03285645,0.0299931,0.04196452,1.76379094,0.00691076,19.71059873,0.31790934,0.0,0.0,0.09570268,0.0,0.0,1.34106333,0.0343707,78.976351,
1995,9,69.1223977,8.05123964,2.63268332,0.0325979,0.02999224,0.04196008,1.68027872,0.00689969,18.4808972,0.16112979,0.0,0.0,0.03939874,0.0,0.0,1.04323092,0.03707459,77.173637,Cs-134 at 2% original; Cs-137/Sr-90 dominant long-term contaminants
1996,10,67.55243404,7.85964733,1.88200765,0.03234139,0.02999138,0.04195565,1.60072065,0.00688863,17.32791408,0.08166734,0.0,0.0,0.01621962,0.0,0.0,0.81154314,0.03964351,75.412081,
1997,11,66.01812866,7.67261427,1.34537746,0.0320869,0.02999051,0.04195122,1.52492951,0.00687759,16.24686308,0.04139243,0.0,0.0,0.00667727,0.0,0.0,0.63131015,0.04208387,73.690743,
1998,12,64.51867166,7.49003196,0.96176044,0.03183441,0.02998965,0.04194679,1.45272693,0.00686657,15.23325651,0.02097942,0.0,0.0,0.00274889,0.0,0.0,0.49110452,0.04440177,72.008704,
1999,13,63.05327153,7.3117945,0.68752686,0.03158391,0.02998879,0.04194236,1.38394302,0.00685557,14.28288665,0.01063325,0.0,0.0,0.00113166,0.0,0.0,0.38203671,0.04660301,70.365066,
2000,14,61.62115476,7.13779849,0.49148745,0.03133538,0.02998793,0.04193793,1.31841589,0.00684458,13.39180831,0.00538938,0.0,0.0,0.00046588,0.0,0.0,0.29719141,0.04869312,68.758953,Cs-134 negligible; Pu-241 at 42% original; Am-241 growing
2001,15,60.22156538,6.96794299,0.35134615,0.03108881,0.02998707,0.0419335,1.25599135,0.00683361,12.55632242,0.00273156,0.0,0.0,0.00019179,0.0,0.0,0.23118913,0.05067739,67.189508,
2002,16,58.8537646,6.80212948,0.25116433,0.03084417,0.0299862,0.04192907,1.1965225,0.00682266,11.77296068,0.00138447,0.0,0.0,7.896e-05,0.0,0.0,0.17984509,0.05256084,65.655894,
2003,17,57.51703042,6.64026177,0.17954806,0.03060146,0.02998534,0.04192464,1.13986938,0.00681173,11.03847118,0.00070171,0.0,0.0,3.25e-05,0.0,0.0,0.13990387,0.05434824,64.157292,
2004,18,56.21065722,6.48224597,0.12835225,0.03036066,0.02998448,0.04192021,1.08589869,0.00680081,10.34980489,0.00035565,0.0,0.0,1.338e-05,0.0,0.0,0.10883307,0.05604416,62.692903,
2005,19,54.93395542,6.32799041,0.09175426,0.03012176,0.02998362,0.04191578,1.03448341,0.00678992,9.704103,0.00018026,0.0,0.0,5.51e-06,0.0,0.0,0.08466269,0.05765294,61.261946,
2006,20,53.68625111,6.17740561,0.06559172,0.02988473,0.02998276,0.04191135,0.98550254,0.00677904,9.09868504,9.136e-05,0.0,0.0,2.27e-06,0.0,0.0,0.06586023,0.05917872,59.863657,
2007,21,52.46688566,6.03040422,0.04688909,0.02964957,0.02998189,0.04190692,0.93884083,0.00676817,8.53103781,4.631e-05,0.0,0.0,9.3e-07,0.0,0.0,0.05123354,0.06062544,58.49729,
2008,22,51.27521543,5.88690097,0.03351927,0.02941627,0.02998103,0.0419025,0.89438846,0.00675733,7.99880485,2.347e-05,0.0,0.0,3.8e-07,0.0,0.0,0.03985525,0.06199685,57.162116,
2009,23,50.11061137,5.74681261,0.02396168,0.02918479,0.02998017,0.04189807,0.85204083,0.0067465,7.49977675,1.19e-05,0.0,0.0,1.6e-07,0.0,0.0,0.03100393,0.06329652,55.857424,
2010,24,48.97245873,5.61005788,0.01712932,0.02895514,0.02997931,0.04189364,0.81169829,0.00673569,7.03188194,6.03e-06,0.0,0.0,7e-08,0.0,0.0,0.02411837,0.06452787,54.582517,25yr; Cs-137=45%; Sr-90=47%; Pu-241=17%; Am-241 at 7.9x initial
2011,25,47.86015674,5.47655745,0.01224511,0.0287273,0.02997845,0.04188922,0.77326588,0.00672489,6.59317806,3.06e-06,0.0,0.0,3e-08,0.0,0.0,0.018762,0.06569415,53.336714,
2012,26,46.77311825,5.34623388,0.00875358,0.02850124,0.02997758,0.04188479,0.73665318,0.00671412,6.18184397,1.55e-06,0.0,0.0,1e-08,0.0,0.0,0.0145952,0.06679844,52.119352,
2013,27,45.71076945,5.21901157,0.00625761,0.02827697,0.02997672,0.04188037,0.70177402,0.00670336,5.79617213,7.9e-07,0.0,0.0,0.0,0.0,0.0,0.0113538,0.06784369,50.929781,
2014,28,44.67254958,5.09481672,0.00447333,0.02805446,0.02997586,0.04187594,0.66854633,0.00669262,5.43456151,4e-07,0.0,0.0,0.0,0.0,0.0,0.00883227,0.0688327,49.767366,
2015,29,43.65791059,4.97357729,0.00319782,0.0278337,0.029975,0.04187152,0.63689191,0.00668189,5.095511,2e-07,0.0,0.0,0.0,0.0,0.0,0.00687074,0.06976815,48.631488,
2016,30,42.6663169,4.85522295,0.002286,0.02761468,0.02997414,0.0418671,0.60673626,0.00667118,4.77761311,1e-07,0.0,0.0,0.0,0.0,0.0,0.00534484,0.0706526,47.52154,30yr; NSC installed; Cs-137=40%; Sr-90=41%
2017,31,41.69724509,4.73968504,0.00163418,0.02739739,0.02997328,0.04186267,0.57800843,0.00666049,4.47954819,5e-08,0.0,0.0,0.0,0.0,0.0,0.00415782,0.07148845,46.43693,
2018,32,40.75018362,4.62689655,0.00116821,0.0271818,0.02997241,0.04185825,0.5506408,0.00664982,4.20007888,3e-08,0.0,0.0,0.0,0.0,0.0,0.00323443,0.07227803,45.37708,
2019,33,39.82463257,4.51679204,0.00083511,0.02696791,0.02997155,0.04185383,0.52456898,0.00663916,3.93804507,1e-08,0.0,0.0,0.0,0.0,0.0,0.0025161,0.07302353,44.341425,
2020,34,38.92010339,4.40930764,0.00059699,0.0267557,0.02997069,0.04184941,0.49973162,0.00662852,3.69235897,1e-08,0.0,0.0,0.0,0.0,0.0,0.00195731,0.07372705,43.329411,34yr; wildfire resuspension event; Cs-137=37%; Sr-90=38%
2021,35,38.0361186,4.30438101,0.00042677,0.02654516,0.02996983,0.04184499,0.47607026,0.0066179,3.4620007,0.0,0.0,0.0,0.0,0.0,0.0,0.00152262,0.0743906,42.3405,
2022,36,37.17221159,4.20195128,0.00030508,0.02633628,0.02996897,0.04184057,0.45352922,0.0066073,3.24601398,0.0,0.0,0.0,0.0,0.0,0.0,0.00118446,0.07501607,41.374163,
2023,37,36.32792633,4.10195904,0.00021809,0.02612905,0.02996811,0.04183615,0.43205545,0.00659671,3.0435022,0.0,0.0,0.0,0.0,0.0,0.0,0.00092141,0.07560528,40.429885,
2024,38,35.50281716,4.00434627,0.0001559,0.02592344,0.02996724,0.04183173,0.41159843,0.00658614,2.8536247,0.0,0.0,0.0,0.0,0.0,0.0,0.00071678,0.07615996,39.507163,
2025,39,34.69644853,3.90905635,0.00011145,0.02571945,0.02996638,0.04182731,0.39211001,0.00657558,2.67559324,0.0,0.0,0.0,0.0,0.0,0.0,0.00055759,0.07668175,38.605505,
2026,40,33.9083948,3.81603401,7.967e-05,0.02551707,0.02996552,0.04182289,0.37354433,0.00656505,2.50866877,0.0,0.0,0.0,0.0,0.0,0.0,0.00043376,0.07717221,37.724429,40yr; Am-241 at 11x initial and still rising; Cs-137=33%; Sr-90=34%
2027,41,33.13823998,3.72522529,5.695e-05,0.02531628,0.02996466,0.04181847,0.3558577,0.00655453,2.35215837,0.0,0.0,0.0,0.0,0.0,0.0,0.00033743,0.07763285,36.863465,
2028,42,32.38557754,3.63657751,4.071e-05,0.02511707,0.0299638,0.04181405,0.3390085,0.00654402,2.2054123,0.0,0.0,0.0,0.0,0.0,0.0,0.00026249,0.07806509,36.022155,
2029,43,31.65001018,3.55003925,2.911e-05,0.02491942,0.02996294,0.04180964,0.32295708,0.00653354,2.06782141,0.0,0.0,0.0,0.0,0.0,0.0,0.00020419,0.07847028,35.200049,
2030,44,30.93114961,3.4655603,2.081e-05,0.02472333,0.02996207,0.04180522,0.30766566,0.00652307,1.93881452,0.0,0.0,0.0,0.0,0.0,0.0,0.00015884,0.07884971,34.39671,44yr; Pu-241 at 11%; Cs-137=30%; Am-241 peak approaching
2031,45,30.22861639,3.38309167,1.487e-05,0.02452879,0.02996121,0.0418008,0.29309827,0.00651261,1.81785608,0.0,0.0,0.0,0.0,0.0,0.0,0.00012357,0.07920461,33.611708,
2032,46,29.54203966,3.30258552,1.063e-05,0.02433577,0.02996035,0.04179639,0.27922061,0.00650218,1.70444398,0.0,0.0,0.0,0.0,0.0,0.0,9.612e-05,0.07953616,32.844625,
2033,47,28.87105703,3.22399514,7.6e-06,0.02414428,0.02995949,0.04179197,0.26600003,0.00649176,1.59810741,0.0,0.0,0.0,0.0,0.0,0.0,7.478e-05,0.07984547,32.095052,
2034,48,28.21531429,3.14727494,5.43e-06,0.02395429,0.02995863,0.04178756,0.25340543,0.00648135,1.49840496,0.0,0.0,0.0,0.0,0.0,0.0,5.817e-05,0.0801336,31.362589,
2035,49,27.5744653,3.07238043,3.88e-06,0.0237658,0.02995777,0.04178314,0.24140715,0.00647097,1.40492272,0.0,0.0,0.0,0.0,0.0,0.0,4.525e-05,0.08040157,30.646846,
2036,50,26.9481718,2.99926815,2.78e-06,0.02357879,0.02995691,0.04177873,0.22997697,0.0064606,1.31727264,0.0,0.0,0.0,0.0,0.0,0.0,3.52e-05,0.08065035,29.94744,
2037,51,26.33610318,2.9278957,1.98e-06,0.02339325,0.02995605,0.04177431,0.21908799,0.00645025,1.23509085,0.0,0.0,0.0,0.0,0.0,0.0,2.738e-05,0.08088084,29.263999,
2038,52,25.73793636,2.85822167,1.42e-06,0.02320917,0.02995518,0.0417699,0.20871458,0.00643991,1.15803621,0.0,0.0,0.0,0.0,0.0,0.0,2.13e-05,0.08109394,28.596158,
2039,53,25.15335559,2.79020565,1.01e-06,0.02302654,0.02995432,0.04176549,0.19883233,0.00642959,1.08578884,0.0,0.0,0.0,0.0,0.0,0.0,1.657e-05,0.08129046,27.943561,
2040,54,24.58205228,2.72380818,7.3e-07,0.02284534,0.02995346,0.04176108,0.18941799,0.00641929,1.01804883,0.0,0.0,0.0,0.0,0.0,0.0,1.289e-05,0.08147121,27.30586,54yr; Cs-137=21%; Pu-241=5%
2041,55,24.02372488,2.65899074,5.2e-07,0.02266558,0.0299526,0.04175666,0.1804494,0.006409,0.95453497,0.0,0.0,0.0,0.0,0.0,0.0,1.003e-05,0.08163695,26.682716,
2042,56,23.47807866,2.59571574,3.7e-07,0.02248722,0.02995174,0.04175225,0.17190546,0.00639873,0.8949836,0.0,0.0,0.0,0.0,0.0,0.0,7.8e-06,0.08178839,26.073794,
2043,57,22.94482559,2.53394648,2.6e-07,0.02231027,0.02995088,0.04174784,0.16376606,0.00638847,0.83914751,0.0,0.0,0.0,0.0,0.0,0.0,6.07e-06,0.08192623,25.478772,
2044,58,22.4236842,2.47364711,1.9e-07,0.02213472,0.02995002,0.04174343,0.15601204,0.00637824,0.78679492,0.0,0.0,0.0,0.0,0.0,0.0,4.72e-06,0.08205111,24.897331,
2045,59,21.9143794,2.41478266,1.4e-07,0.02196054,0.02994916,0.04173902,0.14862516,0.00636802,0.73770849,0.0,0.0,0.0,0.0,0.0,0.0,3.67e-06,0.08216366,24.329162,
2046,60,21.41664233,2.35731899,1e-07,0.02178774,0.0299483,0.04173461,0.14158803,0.00635781,0.69168446,0.0,0.0,0.0,0.0,0.0,0.0,2.86e-06,0.08226448,23.773961,
2047,61,20.93021027,2.30122276,7e-08,0.02161629,0.02994743,0.0417302,0.1348841,0.00634762,0.64853176,0.0,0.0,0.0,0.0,0.0,0.0,2.22e-06,0.08235413,23.231433,
2048,62,20.45482645,2.24646143,5e-08,0.02144619,0.02994657,0.0417258,0.12849759,0.00633745,0.60807127,0.0,0.0,0.0,0.0,0.0,0.0,1.73e-06,0.08243315,22.701288,
2049,63,19.99023993,2.19300324,4e-08,0.02127744,0.02994571,0.04172139,0.12241347,0.0063273,0.57013502,0.0,0.0,0.0,0.0,0.0,0.0,1.34e-06,0.08250205,22.183243,
2050,64,19.53620547,2.14081717,3e-08,0.02111001,0.02994485,0.04171698,0.11661742,0.00631716,0.53456553,0.0,0.0,0.0,0.0,0.0,0.0,1.05e-06,0.08256132,21.677023,64yr; Cs-137=15%; Am-241 at 99.7% of peak
2051,65,19.09248341,2.08987295,2e-08,0.02094389,0.02994399,0.04171257,0.1110958,0.00630703,0.50121515,0.0,0.0,0.0,0.0,0.0,0.0,8.1e-07,0.08261144,21.182356,
2052,66,18.65883953,2.04014103,1e-08,0.02077909,0.02994313,0.04170817,0.10583562,0.00629693,0.46994542,0.0,0.0,0.0,0.0,0.0,0.0,6.3e-07,0.08265283,20.698981,
2053,67,18.23504491,1.99159257,1e-08,0.02061558,0.02994227,0.04170376,0.1008245,0.00628684,0.44062655,0.0,0.0,0.0,0.0,0.0,0.0,4.9e-07,0.08268593,20.226637,
2054,68,17.82087586,1.94419939,1e-08,0.02045336,0.02994141,0.04169935,0.09605065,0.00627676,0.41313681,0.0,0.0,0.0,0.0,0.0,0.0,3.8e-07,0.08271114,19.765075,
2055,69,17.41611375,1.89793401,0.0,0.02029241,0.02994055,0.04169495,0.09150283,0.0062667,0.3873621,0.0,0.0,0.0,0.0,0.0,0.0,3e-07,0.08272884,19.314048,
2056,70,17.02054492,1.85276959,0.0,0.02013274,0.02993969,0.04169054,0.08717034,0.00625666,0.36319542,0.0,0.0,0.0,0.0,0.0,0.0,2.3e-07,0.0827394,18.873315,
2057,71,16.63396057,1.80867993,0.0,0.01997431,0.02993883,0.04168614,0.08304299,0.00624663,0.34053644,0.0,0.0,0.0,0.0,0.0,0.0,1.8e-07,0.08274317,18.442641,
2058,72,16.25615664,1.76563946,0.0,0.01981714,0.02993797,0.04168174,0.07911106,0.00623662,0.31929111,0.0,0.0,0.0,0.0,0.0,0.0,1.4e-07,0.08274047,18.021796,Am-241 PEAK year; Cs-137=11%
2059,73,15.8869337,1.7236232,0.0,0.0196612,0.0299371,0.04167733,0.0753653,0.00622663,0.29937123,0.0,0.0,0.0,0.0,0.0,0.0,1.1e-07,0.08273163,17.610557,
2060,74,15.52609684,1.68260679,0.0,0.01950649,0.02993624,0.04167293,0.07179689,0.00621665,0.28069411,0.0,0.0,0.0,0.0,0.0,0.0,8e-08,0.08271694,17.208704,
2061,75,15.1734556,1.64256643,0.0,0.01935299,0.02993538,0.04166853,0.06839744,0.00620669,0.26318221,0.0,0.0,0.0,0.0,0.0,0.0,7e-08,0.0826967,16.816022,
2062,76,14.82882384,1.6034789,0.0,0.01920071,0.02993452,0.04166413,0.06515895,0.00619674,0.24676285,0.0,0.0,0.0,0.0,0.0,0.0,5e-08,0.08267117,16.432303,
2063,77,14.49201963,1.56532152,0.0,0.01904962,0.02993366,0.04165972,0.06207379,0.00618681,0.23136785,0.0,0.0,0.0,0.0,0.0,0.0,4e-08,0.08264061,16.057341,
2064,78,14.16286519,1.52807215,0.0,0.01889972,0.0299328,0.04165532,0.05913472,0.0061769,0.21693331,0.0,0.0,0.0,0.0,0.0,0.0,3e-08,0.08260528,15.690937,
2065,79,13.84118677,1.4917092,0.0,0.018751,0.02993194,0.04165092,0.0563348,0.006167,0.20339931,0.0,0.0,0.0,0.0,0.0,0.0,2e-08,0.08256541,15.332896,79yr; Cs-137=8%; Pu-241=0.7% remaining
